contributors,coordinates,created_at,display_text_range,entities,extended_entities,favorite_count,favorited,full_text,geo,id,id_str,in_reply_to_screen_name,in_reply_to_status_id,in_reply_to_status_id_str,in_reply_to_user_id,in_reply_to_user_id_str,is_quote_status,lang,place,possibly_sensitive,retweet_count,retweeted,source,truncated,user,retweeters,rt_follower_counts,rt_names,permalink,user_mentions,hashtags,author_name,author_followers
,,2019-03-21 12:57:23,"[0, 218]","{'hashtags': [], 'symbols': [], 'user_mentions': [], 'urls': [{'url': 'https://t.co/Vw5vxhUWLg', 'expanded_url': 'https://www.fda.gov/MedicalDevices/Safety/AlertsandNotices/ucm632783.htm', 'display_url': 'fda.gov/MedicalDevices‚Ä¶', 'indices': [195, 218]}]}",,0,False,"üí•üí•üí•FDA RECALL
UPDATE -- Zoll LifeVest 4000 
Wearable Cardioverter Defibrillator - Software Update for Potential Lack of Treatment (Shock) Delivery Due to Device Failure: FDA Safety Communication https://t.co/Vw5vxhUWLg",,1108714220722495488,1108714220722495488,,,,,,False,en,,False,0,False,"<a href=""https://mobile.twitter.com"" rel=""nofollow"">Twitter Web App</a>",False,"{'id': 1091857187935264769, 'id_str': '1091857187935264769', 'name': 'Healthcare-Global', 'screen_name': 'HealthcareGlob1', 'location': 'USA', 'description': 'Global Healthcare venue for tracking & trending‚è©Rx ,recalls, technology, studies, treatments, outbreaks, and moreüíóüíäüíâüöë', 'url': None, 'entities': {'description': {'urls': []}}, 'protected': False, 'followers_count': 808, 'friends_count': 3104, 'listed_count': 2, 'created_at': 'Sun Feb 03 00:33:34 +0000 2019', 'favourites_count': 815, 'utc_offset': None, 'time_zone': None, 'geo_enabled': False, 'verified': False, 'statuses_count': 11854, 'lang': None, 'contributors_enabled': False, 'is_translator': False, 'is_translation_enabled': False, 'profile_background_color': 'F5F8FA', 'profile_background_image_url': None, 'profile_background_image_url_https': None, 'profile_background_tile': False, 'profile_image_url': 'http://pbs.twimg.com/profile_images/1091859048683749376/IkHBgcAj_normal.jpg', 'profile_image_url_https': 'https://pbs.twimg.com/profile_images/1091859048683749376/IkHBgcAj_normal.jpg', 'profile_banner_url': 'https://pbs.twimg.com/profile_banners/1091857187935264769/1549154459', 'profile_link_color': '1DA1F2', 'profile_sidebar_border_color': 'C0DEED', 'profile_sidebar_fill_color': 'DDEEF6', 'profile_text_color': '333333', 'profile_use_background_image': True, 'has_extended_profile': False, 'default_profile': True, 'default_profile_image': False, 'following': False, 'follow_request_sent': False, 'notifications': False, 'translator_type': 'none'}",,,,https://twitter.com/HealthcareGlob1/status/1108714220722495488,[],[],HealthcareGlob1,808
,,2019-03-11 13:59:07,"[0, 203]","{'hashtags': [], 'symbols': [], 'user_mentions': [], 'urls': [{'url': 'https://t.co/2OSaaC22nD', 'expanded_url': 'https://www.fda.gov/MedicalDevices/Safety/AlertsandNotices/ucm632783.htm', 'display_url': 'fda.gov/MedicalDevices‚Ä¶', 'indices': [180, 203]}]}",,0,False,UPDATE -- Zoll LifeVest 4000 Wearable Cardioverter Defibrillator - Software Update for Potential Lack of Treatment (Shock) Delivery Due to Device Failure: FDA Safety Communication https://t.co/2OSaaC22nD,,1105105874513584128,1105105874513584128,,,,,,False,en,,False,0,False,"<a href=""http://twitter.com"" rel=""nofollow"">Twitter Web Client</a>",False,"{'id': 54516759, 'id_str': '54516759', 'name': 'ARYAN¬Æ', 'screen_name': 'gladeolie', 'location': 'cyberspace', 'description': 'Just a common man with a scientific temper\n#geek #technosavvy #geopolitics #nature #health #astrophyscics #blogger #visionary\n\nRetweet is not an endorsement.¬Æ¬©', 'url': 'https://t.co/Cn1mr8ITZK', 'entities': {'url': {'urls': [{'url': 'https://t.co/Cn1mr8ITZK', 'expanded_url': 'http://www.zedie.wordpress.com', 'display_url': 'zedie.wordpress.com', 'indices': [0, 23]}]}, 'description': {'urls': []}}, 'protected': False, 'followers_count': 1284, 'friends_count': 2032, 'listed_count': 272, 'created_at': 'Tue Jul 07 11:18:59 +0000 2009', 'favourites_count': 10122, 'utc_offset': None, 'time_zone': None, 'geo_enabled': True, 'verified': False, 'statuses_count': 191583, 'lang': None, 'contributors_enabled': False, 'is_translator': False, 'is_translation_enabled': False, 'profile_background_color': '01080A', 'profile_background_image_url': 'http://abs.twimg.com/images/themes/theme4/bg.gif', 'profile_background_image_url_https': 'https://abs.twimg.com/images/themes/theme4/bg.gif', 'profile_background_tile': False, 'profile_image_url': 'http://pbs.twimg.com/profile_images/1052972633795555328/HgBNE0ft_normal.jpg', 'profile_image_url_https': 'https://pbs.twimg.com/profile_images/1052972633795555328/HgBNE0ft_normal.jpg', 'profile_banner_url': 'https://pbs.twimg.com/profile_banners/54516759/1538200279', 'profile_link_color': '0099B9', 'profile_sidebar_border_color': 'FFFFFF', 'profile_sidebar_fill_color': '95E8EC', 'profile_text_color': '3C3940', 'profile_use_background_image': True, 'has_extended_profile': False, 'default_profile': False, 'default_profile_image': False, 'following': False, 'follow_request_sent': False, 'notifications': False, 'translator_type': 'none'}",,,,https://twitter.com/gladeolie/status/1105105874513584128,[],[],gladeolie,1284
,,2019-03-07 23:28:22,"[0, 203]","{'hashtags': [], 'symbols': [], 'user_mentions': [], 'urls': [{'url': 'https://t.co/Vw5vxhUWLg', 'expanded_url': 'https://www.fda.gov/MedicalDevices/Safety/AlertsandNotices/ucm632783.htm', 'display_url': 'fda.gov/MedicalDevices‚Ä¶', 'indices': [180, 203]}]}",,0,False,UPDATE -- Zoll LifeVest 4000 Wearable Cardioverter Defibrillator - Software Update for Potential Lack of Treatment (Shock) Delivery Due to Device Failure: FDA Safety Communication https://t.co/Vw5vxhUWLg,,1103799582264381440,1103799582264381440,,,,,,False,en,,False,0,False,"<a href=""http://twitter.com"" rel=""nofollow"">Twitter Web Client</a>",False,"{'id': 1091857187935264769, 'id_str': '1091857187935264769', 'name': 'Healthcare-Global', 'screen_name': 'HealthcareGlob1', 'location': 'USA', 'description': 'Global Healthcare venue for tracking & trending‚è©Rx ,recalls, technology, studies, treatments, outbreaks, and moreüíóüíäüíâüöë', 'url': None, 'entities': {'description': {'urls': []}}, 'protected': False, 'followers_count': 808, 'friends_count': 3104, 'listed_count': 2, 'created_at': 'Sun Feb 03 00:33:34 +0000 2019', 'favourites_count': 815, 'utc_offset': None, 'time_zone': None, 'geo_enabled': False, 'verified': False, 'statuses_count': 11854, 'lang': None, 'contributors_enabled': False, 'is_translator': False, 'is_translation_enabled': False, 'profile_background_color': 'F5F8FA', 'profile_background_image_url': None, 'profile_background_image_url_https': None, 'profile_background_tile': False, 'profile_image_url': 'http://pbs.twimg.com/profile_images/1091859048683749376/IkHBgcAj_normal.jpg', 'profile_image_url_https': 'https://pbs.twimg.com/profile_images/1091859048683749376/IkHBgcAj_normal.jpg', 'profile_banner_url': 'https://pbs.twimg.com/profile_banners/1091857187935264769/1549154459', 'profile_link_color': '1DA1F2', 'profile_sidebar_border_color': 'C0DEED', 'profile_sidebar_fill_color': 'DDEEF6', 'profile_text_color': '333333', 'profile_use_background_image': True, 'has_extended_profile': False, 'default_profile': True, 'default_profile_image': False, 'following': False, 'follow_request_sent': False, 'notifications': False, 'translator_type': 'none'}",,,,https://twitter.com/HealthcareGlob1/status/1103799582264381440,[],[],HealthcareGlob1,808
,,2019-03-07 11:28:44,"[0, 203]","{'hashtags': [], 'symbols': [], 'user_mentions': [], 'urls': [{'url': 'https://t.co/K4q6XVtDGZ', 'expanded_url': 'https://www.fda.gov/MedicalDevices/Safety/AlertsandNotices/ucm632783.htm', 'display_url': 'fda.gov/MedicalDevices‚Ä¶', 'indices': [180, 203]}]}",,0,False,UPDATE -- Zoll LifeVest 4000 Wearable Cardioverter Defibrillator - Software Update for Potential Lack of Treatment (Shock) Delivery Due to Device Failure: FDA Safety Communication https://t.co/K4q6XVtDGZ,,1103618479331127296,1103618479331127296,,,,,,False,en,,False,0,False,"<a href=""http://www.tweetcaster.com"" rel=""nofollow"">TweetCaster for Android</a>",False,"{'id': 113199361, 'id_str': '113199361', 'name': 'Nancy Belsky', 'screen_name': 'rerewhalen', 'location': 'Philadelphia, PA', 'description': 'PFD Paramedic Cpt.(Ret) Infection Control Professional. Adoptive/forever foster mom to senior/special needs #Elkhounds #dogs #animals', 'url': None, 'entities': {'description': {'urls': []}}, 'protected': False, 'followers_count': 197, 'friends_count': 325, 'listed_count': 21, 'created_at': 'Thu Feb 11 01:22:05 +0000 2010', 'favourites_count': 74, 'utc_offset': None, 'time_zone': None, 'geo_enabled': False, 'verified': False, 'statuses_count': 5632, 'lang': None, 'contributors_enabled': False, 'is_translator': False, 'is_translation_enabled': False, 'profile_background_color': '000000', 'profile_background_image_url': 'http://abs.twimg.com/images/themes/theme10/bg.gif', 'profile_background_image_url_https': 'https://abs.twimg.com/images/themes/theme10/bg.gif', 'profile_background_tile': False, 'profile_image_url': 'http://pbs.twimg.com/profile_images/568832808781893632/R6h8ZebN_normal.jpeg', 'profile_image_url_https': 'https://pbs.twimg.com/profile_images/568832808781893632/R6h8ZebN_normal.jpeg', 'profile_banner_url': 'https://pbs.twimg.com/profile_banners/113199361/1443803994', 'profile_link_color': 'F5ABB5', 'profile_sidebar_border_color': '000000', 'profile_sidebar_fill_color': '000000', 'profile_text_color': '000000', 'profile_use_background_image': False, 'has_extended_profile': False, 'default_profile': False, 'default_profile_image': False, 'following': False, 'follow_request_sent': False, 'notifications': False, 'translator_type': 'none'}",,,,https://twitter.com/rerewhalen/status/1103618479331127296,[],[],rerewhalen,197
,,2019-03-07 11:28:44,"[0, 203]","{'hashtags': [], 'symbols': [], 'user_mentions': [], 'urls': [{'url': 'https://t.co/yTirb3k3Fc', 'expanded_url': 'https://www.fda.gov/MedicalDevices/Safety/AlertsandNotices/ucm632783.htm', 'display_url': 'fda.gov/MedicalDevices‚Ä¶', 'indices': [180, 203]}]}",,0,False,UPDATE -- Zoll LifeVest 4000 Wearable Cardioverter Defibrillator - Software Update for Potential Lack of Treatment (Shock) Delivery Due to Device Failure: FDA Safety Communication https://t.co/yTirb3k3Fc,,1103618481302528000,1103618481302528000,,,,,,False,en,,False,0,False,"<a href=""http://www.tweetcaster.com"" rel=""nofollow"">TweetCaster for Android</a>",False,"{'id': 1220650267, 'id_str': '1220650267', 'name': 'Gale, LLC', 'screen_name': 'GaleLLC', 'location': 'Bensalem, PA 19020 ', 'description': 'Recently retired Philadelphia Fire Department Paramedic Captain, Designated Officer of EREs and Infection Control Consultant for Public Safety Professionals.', 'url': 'http://t.co/mRPAsawp1N', 'entities': {'url': {'urls': [{'url': 'http://t.co/mRPAsawp1N', 'expanded_url': 'http://www.Gale.llc-info.com', 'display_url': 'Gale.llc-info.com', 'indices': [0, 22]}]}, 'description': {'urls': []}}, 'protected': False, 'followers_count': 44, 'friends_count': 146, 'listed_count': 4, 'created_at': 'Tue Feb 26 06:18:26 +0000 2013', 'favourites_count': 6, 'utc_offset': None, 'time_zone': None, 'geo_enabled': False, 'verified': False, 'statuses_count': 1244, 'lang': None, 'contributors_enabled': False, 'is_translator': False, 'is_translation_enabled': False, 'profile_background_color': 'C0DEED', 'profile_background_image_url': 'http://abs.twimg.com/images/themes/theme1/bg.png', 'profile_background_image_url_https': 'https://abs.twimg.com/images/themes/theme1/bg.png', 'profile_background_tile': False, 'profile_image_url': 'http://pbs.twimg.com/profile_images/378800000499143098/5b06f83eeafeabb8813cba660d139763_normal.jpeg', 'profile_image_url_https': 'https://pbs.twimg.com/profile_images/378800000499143098/5b06f83eeafeabb8813cba660d139763_normal.jpeg', 'profile_banner_url': 'https://pbs.twimg.com/profile_banners/1220650267/1379968787', 'profile_link_color': '1DA1F2', 'profile_sidebar_border_color': 'C0DEED', 'profile_sidebar_fill_color': 'DDEEF6', 'profile_text_color': '333333', 'profile_use_background_image': True, 'has_extended_profile': False, 'default_profile': True, 'default_profile_image': False, 'following': False, 'follow_request_sent': False, 'notifications': False, 'translator_type': 'none'}",,,,https://twitter.com/GaleLLC/status/1103618481302528000,[],[],GaleLLC,44
,,2019-03-07 02:23:06,"[0, 203]","{'hashtags': [], 'symbols': [], 'user_mentions': [], 'urls': [{'url': 'https://t.co/27HQ3V1So6', 'expanded_url': 'https://www.fda.gov/MedicalDevices/Safety/AlertsandNotices/ucm632783.htm', 'display_url': 'fda.gov/MedicalDevices‚Ä¶', 'indices': [180, 203]}]}",,0,False,UPDATE -- Zoll LifeVest 4000 Wearable Cardioverter Defibrillator - Software Update for Potential Lack of Treatment (Shock) Delivery Due to Device Failure: FDA Safety Communication https://t.co/27HQ3V1So6,,1103481166265487365,1103481166265487365,,,,,,False,en,,False,0,False,"<a href=""http://twitter.com"" rel=""nofollow"">Twitter Web Client</a>",False,"{'id': 521062975, 'id_str': '521062975', 'name': 'Stephen Ralph MD ABIM ABLM BCEM', 'screen_name': 'sralphmd', 'location': 'Killeen, TX', 'description': 'Primary Care Physician Board Certified in Internal and LifeStyle Medicine promoting aggressive lifestyle changes as foundational to achieving optimal health.', 'url': 'https://t.co/xtpmCe1VbG', 'entities': {'url': {'urls': [{'url': 'https://t.co/xtpmCe1VbG', 'expanded_url': 'http://sralphmd.com', 'display_url': 'sralphmd.com', 'indices': [0, 23]}]}, 'description': {'urls': []}}, 'protected': False, 'followers_count': 94, 'friends_count': 177, 'listed_count': 1, 'created_at': 'Sun Mar 11 06:15:01 +0000 2012', 'favourites_count': 239, 'utc_offset': None, 'time_zone': None, 'geo_enabled': False, 'verified': False, 'statuses_count': 2039, 'lang': None, 'contributors_enabled': False, 'is_translator': False, 'is_translation_enabled': False, 'profile_background_color': 'C0DEED', 'profile_background_image_url': 'http://abs.twimg.com/images/themes/theme1/bg.png', 'profile_background_image_url_https': 'https://abs.twimg.com/images/themes/theme1/bg.png', 'profile_background_tile': False, 'profile_image_url': 'http://pbs.twimg.com/profile_images/1021156835762548737/fMMG3Jkh_normal.jpg', 'profile_image_url_https': 'https://pbs.twimg.com/profile_images/1021156835762548737/fMMG3Jkh_normal.jpg', 'profile_banner_url': 'https://pbs.twimg.com/profile_banners/521062975/1502064423', 'profile_link_color': '1DA1F2', 'profile_sidebar_border_color': 'C0DEED', 'profile_sidebar_fill_color': 'DDEEF6', 'profile_text_color': '333333', 'profile_use_background_image': True, 'has_extended_profile': False, 'default_profile': True, 'default_profile_image': False, 'following': False, 'follow_request_sent': False, 'notifications': False, 'translator_type': 'none'}",,,,https://twitter.com/sralphmd/status/1103481166265487365,[],[],sralphmd,94
,,2019-03-07 01:52:26,"[0, 203]","{'hashtags': [], 'symbols': [], 'user_mentions': [], 'urls': [{'url': 'https://t.co/pFUWJH7M67', 'expanded_url': 'https://www.fda.gov/MedicalDevices/Safety/AlertsandNotices/ucm632783.htm', 'display_url': 'fda.gov/MedicalDevices‚Ä¶', 'indices': [180, 203]}]}",,0,False,UPDATE -- Zoll LifeVest 4000 Wearable Cardioverter Defibrillator - Software Update for Potential Lack of Treatment (Shock) Delivery Due to Device Failure: FDA Safety Communication https://t.co/pFUWJH7M67,,1103473450352500736,1103473450352500736,,,,,,False,en,,False,0,False,"<a href=""http://twitter.com/download/android"" rel=""nofollow"">Twitter for Android</a>",False,"{'id': 297263834, 'id_str': '297263834', 'name': 'JINU JAMES', 'screen_name': 'jinujameshmd', 'location': 'Kochi', 'description': 'STILL LEARNING. LIVES FOR INDIA, WORKS FOR INDIA, AN INDIAN IN INDIA.', 'url': None, 'entities': {'description': {'urls': []}}, 'protected': False, 'followers_count': 278, 'friends_count': 861, 'listed_count': 4, 'created_at': 'Thu May 12 06:48:18 +0000 2011', 'favourites_count': 9814, 'utc_offset': None, 'time_zone': None, 'geo_enabled': False, 'verified': False, 'statuses_count': 8794, 'lang': None, 'contributors_enabled': False, 'is_translator': False, 'is_translation_enabled': False, 'profile_background_color': 'C0DEED', 'profile_background_image_url': 'http://abs.twimg.com/images/themes/theme1/bg.png', 'profile_background_image_url_https': 'https://abs.twimg.com/images/themes/theme1/bg.png', 'profile_background_tile': False, 'profile_image_url': 'http://pbs.twimg.com/profile_images/935318564667559938/fTru-hiz_normal.jpg', 'profile_image_url_https': 'https://pbs.twimg.com/profile_images/935318564667559938/fTru-hiz_normal.jpg', 'profile_banner_url': 'https://pbs.twimg.com/profile_banners/297263834/1523297008', 'profile_link_color': '1DA1F2', 'profile_sidebar_border_color': 'C0DEED', 'profile_sidebar_fill_color': 'DDEEF6', 'profile_text_color': '333333', 'profile_use_background_image': True, 'has_extended_profile': True, 'default_profile': True, 'default_profile_image': False, 'following': False, 'follow_request_sent': False, 'notifications': False, 'translator_type': 'none'}",,,,https://twitter.com/jinujameshmd/status/1103473450352500736,[],[],jinujameshmd,278
,,2019-03-06 21:43:56,"[0, 203]","{'hashtags': [], 'symbols': [], 'user_mentions': [], 'urls': [{'url': 'https://t.co/EFCLE6cSKN', 'expanded_url': 'https://www.fda.gov/MedicalDevices/Safety/AlertsandNotices/ucm632783.htm', 'display_url': 'fda.gov/MedicalDevices‚Ä¶', 'indices': [180, 203]}]}",,0,False,UPDATE -- Zoll LifeVest 4000 Wearable Cardioverter Defibrillator - Software Update for Potential Lack of Treatment (Shock) Delivery Due to Device Failure: FDA Safety Communication https://t.co/EFCLE6cSKN,,1103410912990502912,1103410912990502912,,,,,,False,en,,False,0,False,"<a href=""https://mobile.twitter.com"" rel=""nofollow"">Twitter Web App</a>",False,"{'id': 343616656, 'id_str': '343616656', 'name': 'William Rodr√≠guez', 'screen_name': 'williamrodrig38', 'location': 'San Juan, Puerto Rico', 'description': ""Don't dare to fuck around with an old man holding a DD-Form 214 showing MOS 18A."", 'url': None, 'entities': {'description': {'urls': []}}, 'protected': False, 'followers_count': 479, 'friends_count': 925, 'listed_count': 9, 'created_at': 'Wed Jul 27 20:50:31 +0000 2011', 'favourites_count': 478, 'utc_offset': None, 'time_zone': None, 'geo_enabled': True, 'verified': False, 'statuses_count': 16786, 'lang': None, 'contributors_enabled': False, 'is_translator': False, 'is_translation_enabled': False, 'profile_background_color': 'C0DEED', 'profile_background_image_url': 'http://abs.twimg.com/images/themes/theme1/bg.png', 'profile_background_image_url_https': 'https://abs.twimg.com/images/themes/theme1/bg.png', 'profile_background_tile': False, 'profile_image_url': 'http://pbs.twimg.com/profile_images/3486425282/5e5b1b53ed9909b3942301a52adca682_normal.jpeg', 'profile_image_url_https': 'https://pbs.twimg.com/profile_images/3486425282/5e5b1b53ed9909b3942301a52adca682_normal.jpeg', 'profile_banner_url': 'https://pbs.twimg.com/profile_banners/343616656/1365284056', 'profile_link_color': '1DA1F2', 'profile_sidebar_border_color': 'C0DEED', 'profile_sidebar_fill_color': 'DDEEF6', 'profile_text_color': '333333', 'profile_use_background_image': True, 'has_extended_profile': True, 'default_profile': True, 'default_profile_image': False, 'following': False, 'follow_request_sent': False, 'notifications': False, 'translator_type': 'none'}",,,,https://twitter.com/williamrodrig38/status/1103410912990502912,[],[],williamrodrig38,479
,,2019-03-06 21:24:30,"[0, 248]","{'hashtags': [], 'symbols': [], 'user_mentions': [], 'urls': [{'url': 'https://t.co/GdiqMlOrhD', 'expanded_url': 'https://www.fda.gov/MedicalDevices/Safety/AlertsandNotices/ucm632783.htm', 'display_url': 'fda.gov/MedicalDevices‚Ä¶', 'indices': [191, 214]}, {'url': 'https://t.co/dAOSFmIOYl', 'expanded_url': 'http://tweetedtimes.com/rubenroa?s=tnp', 'display_url': 'tweetedtimes.com/rubenroa?s=tnp', 'indices': [225, 248]}]}",,0,False,"Top story: UPDATE -- Zoll LifeVest 4000 Wearable Cardioverter Defibrillator - Software Update for Potential Lack of Treatment (Shock) Delivery Due to Device Failure: FDA Safety Communication https://t.co/GdiqMlOrhD, see more https://t.co/dAOSFmIOYl",,1103406020863373312,1103406020863373312,,,,,,False,en,,False,0,False,"<a href=""http://www.tweetedtimes.com"" rel=""nofollow"">The Tweeted Times</a>",False,"{'id': 35991485, 'id_str': '35991485', 'name': 'Ruben Roa', 'screen_name': 'rubenroa', 'location': 'Buenos Aires - Argentina', 'description': 'Family Doctor & Epidemiologist & Health Technology Assesment', 'url': 'https://t.co/kdC0w605cD', 'entities': {'url': {'urls': [{'url': 'https://t.co/kdC0w605cD', 'expanded_url': 'http://medicina-general-familiar.blogspot.com', 'display_url': 'medicina-general-familiar.blogspot.com', 'indices': [0, 23]}]}, 'description': {'urls': []}}, 'protected': False, 'followers_count': 1810, 'friends_count': 1134, 'listed_count': 264, 'created_at': 'Tue Apr 28 04:45:20 +0000 2009', 'favourites_count': 277, 'utc_offset': None, 'time_zone': None, 'geo_enabled': True, 'verified': False, 'statuses_count': 61963, 'lang': None, 'contributors_enabled': False, 'is_translator': False, 'is_translation_enabled': False, 'profile_background_color': '0099B9', 'profile_background_image_url': 'http://abs.twimg.com/images/themes/theme4/bg.gif', 'profile_background_image_url_https': 'https://abs.twimg.com/images/themes/theme4/bg.gif', 'profile_background_tile': False, 'profile_image_url': 'http://pbs.twimg.com/profile_images/428849770891710464/kgRmDYTd_normal.png', 'profile_image_url_https': 'https://pbs.twimg.com/profile_images/428849770891710464/kgRmDYTd_normal.png', 'profile_link_color': '0099B9', 'profile_sidebar_border_color': '5ED4DC', 'profile_sidebar_fill_color': '95E8EC', 'profile_text_color': '3C3940', 'profile_use_background_image': True, 'has_extended_profile': False, 'default_profile': False, 'default_profile_image': False, 'following': False, 'follow_request_sent': False, 'notifications': False, 'translator_type': 'regular'}",,,,https://twitter.com/rubenroa/status/1103406020863373312,[],[],rubenroa,1810
,,2019-03-06 20:59:50,"[0, 203]","{'hashtags': [], 'symbols': [], 'user_mentions': [], 'urls': [{'url': 'https://t.co/fdBLvE9OEY', 'expanded_url': 'https://www.fda.gov/MedicalDevices/Safety/AlertsandNotices/ucm632783.htm', 'display_url': 'fda.gov/MedicalDevices‚Ä¶', 'indices': [180, 203]}]}",,0,False,UPDATE -- Zoll LifeVest 4000 Wearable Cardioverter Defibrillator - Software Update for Potential Lack of Treatment (Shock) Delivery Due to Device Failure: FDA Safety Communication https://t.co/fdBLvE9OEY,,1103399812446203904,1103399812446203904,,,,,,False,en,,False,0,False,"<a href=""http://twitter.com"" rel=""nofollow"">Twitter Web Client</a>",False,"{'id': 472407653, 'id_str': '472407653', 'name': 'Carolyn Barrettüá∫üá∏', 'screen_name': 'Barretttechnet', 'location': 'Ewing, NJ', 'description': 'Founder/Owner/ Barrett International Technology Incorporated  of Pharmaceuticals  Device, HUD- Whistleblow 2012 Asbesto ECOLAB- Whistleblower  1995 Ster Bac Blu', 'url': 'https://t.co/uRcSusNi28', 'entities': {'url': {'urls': [{'url': 'https://t.co/uRcSusNi28', 'expanded_url': 'http://www.barretttech.net', 'display_url': 'barretttech.net', 'indices': [0, 23]}]}, 'description': {'urls': []}}, 'protected': False, 'followers_count': 1865, 'friends_count': 5003, 'listed_count': 1525, 'created_at': 'Mon Jan 23 22:35:30 +0000 2012', 'favourites_count': 142455, 'utc_offset': None, 'time_zone': None, 'geo_enabled': False, 'verified': False, 'statuses_count': 280811, 'lang': None, 'contributors_enabled': False, 'is_translator': False, 'is_translation_enabled': False, 'profile_background_color': '000000', 'profile_background_image_url': 'http://abs.twimg.com/images/themes/theme1/bg.png', 'profile_background_image_url_https': 'https://abs.twimg.com/images/themes/theme1/bg.png', 'profile_background_tile': False, 'profile_image_url': 'http://pbs.twimg.com/profile_images/809985161974648832/R9ycayCF_normal.png', 'profile_image_url_https': 'https://pbs.twimg.com/profile_images/809985161974648832/R9ycayCF_normal.png', 'profile_link_color': '1B95E0', 'profile_sidebar_border_color': '000000', 'profile_sidebar_fill_color': '000000', 'profile_text_color': '000000', 'profile_use_background_image': False, 'has_extended_profile': False, 'default_profile': False, 'default_profile_image': False, 'following': False, 'follow_request_sent': False, 'notifications': False, 'translator_type': 'none'}",,,,https://twitter.com/Barretttechnet/status/1103399812446203904,[],[],Barretttechnet,1865
,,2019-03-06 19:30:53,"[0, 203]","{'hashtags': [], 'symbols': [], 'user_mentions': [], 'urls': [{'url': 'https://t.co/LOGJGSivVG', 'expanded_url': 'https://www.fda.gov/MedicalDevices/Safety/AlertsandNotices/ucm632783.htm', 'display_url': 'fda.gov/MedicalDevices‚Ä¶', 'indices': [180, 203]}]}",,0,False,UPDATE -- Zoll LifeVest 4000 Wearable Cardioverter Defibrillator - Software Update for Potential Lack of Treatment (Shock) Delivery Due to Device Failure: FDA Safety Communication https://t.co/LOGJGSivVG,,1103377427319963651,1103377427319963651,,,,,,False,en,,False,0,False,"<a href=""http://twitter.com"" rel=""nofollow"">Twitter Web Client</a>",False,"{'id': 112929834, 'id_str': '112929834', 'name': 'Deplorable Connie ŸÜüá∫üá∏', 'screen_name': 'coni58', 'location': 'Texas, USA', 'description': 'MAGA KAG2020 Wife of Navy Vet‚öìÔ∏èRescueüê±Mom üá∫üá∏üíûüáÆüá± BackTheBlueüíô  DeplorableBitterClinger‚úùÔ∏è WWG1WGA WalkedAway 3/4/08 MOŒõŒ©N ŒõABE', 'url': None, 'entities': {'description': {'urls': []}}, 'protected': False, 'followers_count': 16148, 'friends_count': 14333, 'listed_count': 7, 'created_at': 'Wed Feb 10 04:40:09 +0000 2010', 'favourites_count': 38057, 'utc_offset': None, 'time_zone': None, 'geo_enabled': False, 'verified': False, 'statuses_count': 39009, 'lang': None, 'contributors_enabled': False, 'is_translator': False, 'is_translation_enabled': False, 'profile_background_color': '020202', 'profile_background_image_url': 'http://abs.twimg.com/images/themes/theme1/bg.png', 'profile_background_image_url_https': 'https://abs.twimg.com/images/themes/theme1/bg.png', 'profile_background_tile': True, 'profile_image_url': 'http://pbs.twimg.com/profile_images/1126442798536900609/GrU9WctB_normal.png', 'profile_image_url_https': 'https://pbs.twimg.com/profile_images/1126442798536900609/GrU9WctB_normal.png', 'profile_banner_url': 'https://pbs.twimg.com/profile_banners/112929834/1558124204', 'profile_link_color': '020303', 'profile_sidebar_border_color': '000000', 'profile_sidebar_fill_color': '000203', 'profile_text_color': '010101', 'profile_use_background_image': True, 'has_extended_profile': True, 'default_profile': False, 'default_profile_image': False, 'following': False, 'follow_request_sent': False, 'notifications': False, 'translator_type': 'none'}",,,,https://twitter.com/coni58/status/1103377427319963651,[],[],coni58,16148
,,2019-03-06 18:10:04,"[0, 260]","{'hashtags': [{'text': 'Defibrillator', 'indices': [51, 65]}, {'text': 'medicaldevice', 'indices': [207, 221]}, {'text': 'hearthealth', 'indices': [222, 234]}], 'symbols': [], 'user_mentions': [], 'urls': [{'url': 'https://t.co/uVihlDTdlG', 'expanded_url': 'https://buff.ly/2tTxuWn', 'display_url': 'buff.ly/2tTxuWn', 'indices': [181, 204]}, {'url': 'https://t.co/BO1sZGT9XX', 'expanded_url': 'http://TrackMyImplants.com', 'display_url': 'TrackMyImplants.com', 'indices': [237, 260]}], 'media': [{'id': 1103357089727029248, 'id_str': '1103357089727029248', 'indices': [261, 284], 'media_url': 'http://pbs.twimg.com/media/D0_pbWGWoAAYgFL.jpg', 'media_url_https': 'https://pbs.twimg.com/media/D0_pbWGWoAAYgFL.jpg', 'url': 'https://t.co/5rj4lxRjTC', 'display_url': 'pic.twitter.com/5rj4lxRjTC', 'expanded_url': 'https://twitter.com/TrackMySolution/status/1103357091270586369/photo/1', 'type': 'photo', 'sizes': {'thumb': {'w': 150, 'h': 150, 'resize': 'crop'}, 'small': {'w': 266, 'h': 400, 'resize': 'fit'}, 'large': {'w': 266, 'h': 400, 'resize': 'fit'}, 'medium': {'w': 266, 'h': 400, 'resize': 'fit'}}}]}","{'media': [{'id': 1103357089727029248, 'id_str': '1103357089727029248', 'indices': [261, 284], 'media_url': 'http://pbs.twimg.com/media/D0_pbWGWoAAYgFL.jpg', 'media_url_https': 'https://pbs.twimg.com/media/D0_pbWGWoAAYgFL.jpg', 'url': 'https://t.co/5rj4lxRjTC', 'display_url': 'pic.twitter.com/5rj4lxRjTC', 'expanded_url': 'https://twitter.com/TrackMySolution/status/1103357091270586369/photo/1', 'type': 'photo', 'sizes': {'thumb': {'w': 150, 'h': 150, 'resize': 'crop'}, 'small': {'w': 266, 'h': 400, 'resize': 'fit'}, 'large': {'w': 266, 'h': 400, 'resize': 'fit'}, 'medium': {'w': 266, 'h': 400, 'resize': 'fit'}}}]}",1,False,UPDATE -- Zoll LifeVest 4000 Wearable Cardioverter #Defibrillator - Software Update for Potential Lack of Treatment (Shock) Delivery Due to Device Failure: FDA Safety Communication https://t.co/uVihlDTdlG | #medicaldevice #hearthealth | https://t.co/BO1sZGT9XX https://t.co/5rj4lxRjTC,,1103357091270586369,1103357091270586369,,,,,,False,en,,False,3,False,"<a href=""https://buffer.com"" rel=""nofollow"">Buffer</a>",False,"{'id': 845036646076702720, 'id_str': '845036646076702720', 'name': 'TrackMy¬Æ Solutions', 'screen_name': 'TrackMySolution', 'location': 'Kansas City, MO', 'description': 'TrackMy Solutions is a KCMO based web & mobile app co. We provide a solution for people with medical implants to track device recalls using openAPI technology.', 'url': 'https://t.co/mmkOGH4kiv', 'entities': {'url': {'urls': [{'url': 'https://t.co/mmkOGH4kiv', 'expanded_url': 'http://www.trackmysolutions.us', 'display_url': 'trackmysolutions.us', 'indices': [0, 23]}]}, 'description': {'urls': []}}, 'protected': False, 'followers_count': 531, 'friends_count': 2965, 'listed_count': 3, 'created_at': 'Thu Mar 23 22:16:51 +0000 2017', 'favourites_count': 62, 'utc_offset': None, 'time_zone': None, 'geo_enabled': False, 'verified': False, 'statuses_count': 560, 'lang': None, 'contributors_enabled': False, 'is_translator': False, 'is_translation_enabled': False, 'profile_background_color': 'F5F8FA', 'profile_background_image_url': None, 'profile_background_image_url_https': None, 'profile_background_tile': False, 'profile_image_url': 'http://pbs.twimg.com/profile_images/956012447189557248/2clbGZ8X_normal.jpg', 'profile_image_url_https': 'https://pbs.twimg.com/profile_images/956012447189557248/2clbGZ8X_normal.jpg', 'profile_banner_url': 'https://pbs.twimg.com/profile_banners/845036646076702720/1536333274', 'profile_link_color': '1DA1F2', 'profile_sidebar_border_color': 'C0DEED', 'profile_sidebar_fill_color': 'DDEEF6', 'profile_text_color': '333333', 'profile_use_background_image': True, 'has_extended_profile': False, 'default_profile': True, 'default_profile_image': False, 'following': False, 'follow_request_sent': False, 'notifications': False, 'translator_type': 'none'}","[{'id': 1027873573069836288, 'id_str': '1027873573069836288', 'name': 'Dave', 'screen_name': 'GingerDaveH', 'location': 'Inverness, Scotland', 'description': 'Tweets are my own, and not the views of  @DRUIDHEALTH @i_DE8 @BADDRAOI - father of two and Uber Geek.', 'url': 'https://t.co/r9DJgEGCar', 'entities': {'url': {'urls': [{'url': 'https://t.co/r9DJgEGCar', 'expanded_url': 'http://www.ide8.co', 'display_url': 'ide8.co', 'indices': [0, 23]}]}, 'description': {'urls': []}}, 'protected': False, 'followers_count': 31, 'friends_count': 183, 'listed_count': 0, 'created_at': 'Fri Aug 10 11:05:31 +0000 2018', 'favourites_count': 36, 'utc_offset': None, 'time_zone': None, 'geo_enabled': True, 'verified': False, 'statuses_count': 53, 'lang': None, 'status': {'created_at': 'Fri May 31 21:07:01 +0000 2019', 'id': 1134566980189597697, 'id_str': '1134566980189597697', 'text': '@aimilawrie https://t.co/Si230eGFOc', 'truncated': False, 'entities': {'hashtags': [], 'symbols': [], 'user_mentions': [{'screen_name': 'aimilawrie', 'name': 'Aimi Lawrie', 'id': 544718112, 'id_str': '544718112', 'indices': [0, 11]}], 'urls': [], 'media': [{'id': 1134566967384432640, 'id_str': '1134566967384432640', 'indices': [12, 35], 'media_url': 'http://pbs.twimg.com/tweet_video_thumb/D77KpUjXYAAv0cm.jpg', 'media_url_https': 'https://pbs.twimg.com/tweet_video_thumb/D77KpUjXYAAv0cm.jpg', 'url': 'https://t.co/Si230eGFOc', 'display_url': 'pic.twitter.com/Si230eGFOc', 'expanded_url': 'https://twitter.com/GingerDaveH/status/1134566980189597697/photo/1', 'type': 'photo', 'sizes': {'thumb': {'w': 150, 'h': 150, 'resize': 'crop'}, 'medium': {'w': 400, 'h': 170, 'resize': 'fit'}, 'large': {'w': 400, 'h': 170, 'resize': 'fit'}, 'small': {'w': 400, 'h': 170, 'resize': 'fit'}}}]}, 'extended_entities': {'media': [{'id': 1134566967384432640, 'id_str': '1134566967384432640', 'indices': [12, 35], 'media_url': 'http://pbs.twimg.com/tweet_video_thumb/D77KpUjXYAAv0cm.jpg', 'media_url_https': 'https://pbs.twimg.com/tweet_video_thumb/D77KpUjXYAAv0cm.jpg', 'url': 'https://t.co/Si230eGFOc', 'display_url': 'pic.twitter.com/Si230eGFOc', 'expanded_url': 'https://twitter.com/GingerDaveH/status/1134566980189597697/photo/1', 'type': 'animated_gif', 'sizes': {'thumb': {'w': 150, 'h': 150, 'resize': 'crop'}, 'medium': {'w': 400, 'h': 170, 'resize': 'fit'}, 'large': {'w': 400, 'h': 170, 'resize': 'fit'}, 'small': {'w': 400, 'h': 170, 'resize': 'fit'}}, 'video_info': {'aspect_ratio': [40, 17], 'variants': [{'bitrate': 0, 'content_type': 'video/mp4', 'url': 'https://video.twimg.com/tweet_video/D77KpUjXYAAv0cm.mp4'}]}}]}, 'source': '<a href=""http://twitter.com/download/iphone"" rel=""nofollow"">Twitter for iPhone</a>', 'in_reply_to_status_id': 1134531981469999104, 'in_reply_to_status_id_str': '1134531981469999104', 'in_reply_to_user_id': 544718112, 'in_reply_to_user_id_str': '544718112', 'in_reply_to_screen_name': 'aimilawrie', 'geo': None, 'coordinates': None, 'place': None, 'contributors': None, 'is_quote_status': False, 'retweet_count': 0, 'favorite_count': 1, 'favorited': False, 'retweeted': False, 'possibly_sensitive': False, 'lang': 'und'}, 'contributors_enabled': False, 'is_translator': False, 'is_translation_enabled': False, 'profile_background_color': '000000', 'profile_background_image_url': 'http://abs.twimg.com/images/themes/theme1/bg.png', 'profile_background_image_url_https': 'https://abs.twimg.com/images/themes/theme1/bg.png', 'profile_background_tile': False, 'profile_image_url': 'http://pbs.twimg.com/profile_images/1027885158840578048/VF2aT4Ua_normal.jpg', 'profile_image_url_https': 'https://pbs.twimg.com/profile_images/1027885158840578048/VF2aT4Ua_normal.jpg', 'profile_banner_url': 'https://pbs.twimg.com/profile_banners/1027873573069836288/1533909397', 'profile_link_color': 'ABB8C2', 'profile_sidebar_border_color': '000000', 'profile_sidebar_fill_color': '000000', 'profile_text_color': '000000', 'profile_use_background_image': False, 'has_extended_profile': False, 'default_profile': False, 'default_profile_image': False, 'following': False, 'follow_request_sent': False, 'notifications': False, 'translator_type': 'none'}, {'id': 623564140, 'id_str': '623564140', 'name': 'tonya david', 'screen_name': 'talandzes', 'location': 'Mustang, OK', 'description': ""My kids are my greatest achievement in life...that and teaching them the 80's was the best decade ever! #meshwarrior"", 'url': None, 'entities': {'description': {'urls': []}}, 'protected': False, 'followers_count': 540, 'friends_count': 1213, 'listed_count': 13, 'created_at': 'Sun Jul 01 08:50:41 +0000 2012', 'favourites_count': 21029, 'utc_offset': None, 'time_zone': None, 'geo_enabled': True, 'verified': False, 'statuses_count': 9020, 'lang': None, 'status': {'created_at': 'Wed Jun 05 13:13:54 +0000 2019', 'id': 1136259852316172293, 'id_str': '1136259852316172293', 'text': 'RT @SPINENOTFINE: CervicalSpineResearchSociety conveniently omits financial conflict$ &amp; devices for cervical corpectomy are not approved/cl‚Ä¶', 'truncated': False, 'entities': {'hashtags': [], 'symbols': [], 'user_mentions': [{'screen_name': 'SPINENOTFINE', 'name': 'Lu Romjeüé¨', 'id': 897863408707444736, 'id_str': '897863408707444736', 'indices': [3, 16]}], 'urls': []}, 'source': '<a href=""http://twitter.com/download/iphone"" rel=""nofollow"">Twitter for iPhone</a>', 'in_reply_to_status_id': None, 'in_reply_to_status_id_str': None, 'in_reply_to_user_id': None, 'in_reply_to_user_id_str': None, 'in_reply_to_screen_name': None, 'geo': None, 'coordinates': None, 'place': None, 'contributors': None, 'retweeted_status': {'created_at': 'Wed Jun 05 09:02:24 +0000 2019', 'id': 1136196562428710913, 'id_str': '1136196562428710913', 'text': 'CervicalSpineResearchSociety conveniently omits financial conflict$ &amp; devices for cervical corpectomy are not appro‚Ä¶ https://t.co/DCqgLe97v9', 'truncated': True, 'entities': {'hashtags': [], 'symbols': [], 'user_mentions': [], 'urls': [{'url': 'https://t.co/DCqgLe97v9', 'expanded_url': 'https://twitter.com/i/web/status/1136196562428710913', 'display_url': 'twitter.com/i/web/status/1‚Ä¶', 'indices': [121, 144]}]}, 'source': '<a href=""http://twitter.com"" rel=""nofollow"">Twitter Web Client</a>', 'in_reply_to_status_id': None, 'in_reply_to_status_id_str': None, 'in_reply_to_user_id': None, 'in_reply_to_user_id_str': None, 'in_reply_to_screen_name': None, 'geo': None, 'coordinates': None, 'place': None, 'contributors': None, 'is_quote_status': False, 'retweet_count': 4, 'favorite_count': 3, 'favorited': False, 'retweeted': False, 'possibly_sensitive': False, 'lang': 'en'}, 'is_quote_status': False, 'retweet_count': 4, 'favorite_count': 0, 'favorited': False, 'retweeted': False, 'lang': 'en'}, 'contributors_enabled': False, 'is_translator': False, 'is_translation_enabled': False, 'profile_background_color': '0099B9', 'profile_background_image_url': 'http://abs.twimg.com/images/themes/theme4/bg.gif', 'profile_background_image_url_https': 'https://abs.twimg.com/images/themes/theme4/bg.gif', 'profile_background_tile': False, 'profile_image_url': 'http://pbs.twimg.com/profile_images/1123509915950227456/w6VTG_mH_normal.jpg', 'profile_image_url_https': 'https://pbs.twimg.com/profile_images/1123509915950227456/w6VTG_mH_normal.jpg', 'profile_banner_url': 'https://pbs.twimg.com/profile_banners/623564140/1556831667', 'profile_link_color': '902E99', 'profile_sidebar_border_color': 'FFFFFF', 'profile_sidebar_fill_color': '95E8EC', 'profile_text_color': '3C3940', 'profile_use_background_image': True, 'has_extended_profile': True, 'default_profile': False, 'default_profile_image': False, 'following': False, 'follow_request_sent': False, 'notifications': False, 'translator_type': 'none'}, {'id': 909923193799839750, 'id_str': '909923193799839750', 'name': 'Medical Device Problems', 'screen_name': 'deviceproblems', 'location': '', 'description': 'Educating about the dangers of certain medical devices & the device approval process. Originally the account for The Bleeding Edge documentary.', 'url': 'https://t.co/KkIFNRJKC7', 'entities': {'url': {'urls': [{'url': 'https://t.co/KkIFNRJKC7', 'expanded_url': 'http://medicaldeviceproblems.com', 'display_url': 'medicaldeviceproblems.com', 'indices': [0, 23]}]}, 'description': {'urls': []}}, 'protected': False, 'followers_count': 2401, 'friends_count': 2247, 'listed_count': 12, 'created_at': 'Mon Sep 18 23:32:49 +0000 2017', 'favourites_count': 2557, 'utc_offset': None, 'time_zone': None, 'geo_enabled': False, 'verified': False, 'statuses_count': 1598, 'lang': None, 'status': {'created_at': 'Mon Jun 03 17:30:28 +0000 2019', 'id': 1135599643457404928, 'id_str': '1135599643457404928', 'text': ""RT @LastWeekTonight: Here's our story from last night about the medical device industry, which is a huge business with a hugely troubling l‚Ä¶"", 'truncated': False, 'entities': {'hashtags': [], 'symbols': [], 'user_mentions': [{'screen_name': 'LastWeekTonight', 'name': 'Last Week Tonight', 'id': 2317351705, 'id_str': '2317351705', 'indices': [3, 19]}], 'urls': []}, 'source': '<a href=""http://twitter.com/download/iphone"" rel=""nofollow"">Twitter for iPhone</a>', 'in_reply_to_status_id': None, 'in_reply_to_status_id_str': None, 'in_reply_to_user_id': None, 'in_reply_to_user_id_str': None, 'in_reply_to_screen_name': None, 'geo': None, 'coordinates': None, 'place': None, 'contributors': None, 'retweeted_status': {'created_at': 'Mon Jun 03 13:51:07 +0000 2019', 'id': 1135544443136880642, 'id_str': '1135544443136880642', 'text': ""Here's our story from last night about the medical device industry, which is a huge business with a hugely troublin‚Ä¶ https://t.co/exuBkx9D6e"", 'truncated': True, 'entities': {'hashtags': [], 'symbols': [], 'user_mentions': [], 'urls': [{'url': 'https://t.co/exuBkx9D6e', 'expanded_url': 'https://twitter.com/i/web/status/1135544443136880642', 'display_url': 'twitter.com/i/web/status/1‚Ä¶', 'indices': [117, 140]}]}, 'source': '<a href=""http://twitter.com"" rel=""nofollow"">Twitter Web Client</a>', 'in_reply_to_status_id': None, 'in_reply_to_status_id_str': None, 'in_reply_to_user_id': None, 'in_reply_to_user_id_str': None, 'in_reply_to_screen_name': None, 'geo': None, 'coordinates': None, 'place': None, 'contributors': None, 'is_quote_status': False, 'retweet_count': 231, 'favorite_count': 795, 'favorited': False, 'retweeted': False, 'possibly_sensitive': False, 'lang': 'en'}, 'is_quote_status': False, 'retweet_count': 231, 'favorite_count': 0, 'favorited': False, 'retweeted': False, 'lang': 'en'}, 'contributors_enabled': False, 'is_translator': False, 'is_translation_enabled': False, 'profile_background_color': '000000', 'profile_background_image_url': 'http://abs.twimg.com/images/themes/theme1/bg.png', 'profile_background_image_url_https': 'https://abs.twimg.com/images/themes/theme1/bg.png', 'profile_background_tile': False, 'profile_image_url': 'http://pbs.twimg.com/profile_images/1084871501235580929/X3GqJvqX_normal.jpg', 'profile_image_url_https': 'https://pbs.twimg.com/profile_images/1084871501235580929/X3GqJvqX_normal.jpg', 'profile_banner_url': 'https://pbs.twimg.com/profile_banners/909923193799839750/1547488553', 'profile_link_color': '68819A', 'profile_sidebar_border_color': '000000', 'profile_sidebar_fill_color': '000000', 'profile_text_color': '000000', 'profile_use_background_image': False, 'has_extended_profile': False, 'default_profile': False, 'default_profile_image': False, 'following': False, 'follow_request_sent': False, 'notifications': False, 'translator_type': 'none'}]","[31, 540, 2401]","['GingerDaveH', 'talandzes', 'deviceproblems']",https://twitter.com/TrackMySolution/status/1103357091270586369,[],"['medicaldevice', 'Defibrillator', 'hearthealth']",TrackMySolution,531
,,2019-03-06 17:45:13,"[0, 203]","{'hashtags': [], 'symbols': [], 'user_mentions': [], 'urls': [{'url': 'https://t.co/akKUVuJjMw', 'expanded_url': 'https://www.fda.gov/MedicalDevices/Safety/AlertsandNotices/ucm632783.htm', 'display_url': 'fda.gov/MedicalDevices‚Ä¶', 'indices': [180, 203]}]}",,0,False,UPDATE -- Zoll LifeVest 4000 Wearable Cardioverter Defibrillator - Software Update for Potential Lack of Treatment (Shock) Delivery Due to Device Failure: FDA Safety Communication https://t.co/akKUVuJjMw,,1103350836321759232,1103350836321759232,,,,,,False,en,,False,0,False,"<a href=""http://twitter.com"" rel=""nofollow"">Twitter Web Client</a>",False,"{'id': 40703088, 'id_str': '40703088', 'name': 'Dr Rigoberto Marcano', 'screen_name': 'rigotordoc', 'location': 'Caracas, Venezuela', 'description': 'M√©dico internista venezolano: 28a de graduado UCV. Atenci√≥n domiciliaria en Este y Sur-Este de Caracas: LUNES A VIERNES PREVIA CITA. - RT NO es respaldo!', 'url': 'https://t.co/LdNrwwTTSa', 'entities': {'url': {'urls': [{'url': 'https://t.co/LdNrwwTTSa', 'expanded_url': 'http://www.medicinapreventiva.info', 'display_url': 'medicinapreventiva.info', 'indices': [0, 23]}]}, 'description': {'urls': []}}, 'protected': False, 'followers_count': 16369, 'friends_count': 3198, 'listed_count': 285, 'created_at': 'Sun May 17 17:57:42 +0000 2009', 'favourites_count': 3671, 'utc_offset': None, 'time_zone': None, 'geo_enabled': True, 'verified': True, 'statuses_count': 381898, 'lang': None, 'contributors_enabled': False, 'is_translator': False, 'is_translation_enabled': False, 'profile_background_color': '282829', 'profile_background_image_url': 'http://abs.twimg.com/images/themes/theme9/bg.gif', 'profile_background_image_url_https': 'https://abs.twimg.com/images/themes/theme9/bg.gif', 'profile_background_tile': False, 'profile_image_url': 'http://pbs.twimg.com/profile_images/1107051741139345410/Jjb4Zx5V_normal.png', 'profile_image_url_https': 'https://pbs.twimg.com/profile_images/1107051741139345410/Jjb4Zx5V_normal.png', 'profile_banner_url': 'https://pbs.twimg.com/profile_banners/40703088/1515351464', 'profile_link_color': '2FC2EF', 'profile_sidebar_border_color': '181A1E', 'profile_sidebar_fill_color': '252429', 'profile_text_color': '666666', 'profile_use_background_image': True, 'has_extended_profile': True, 'default_profile': False, 'default_profile_image': False, 'following': False, 'follow_request_sent': False, 'notifications': False, 'translator_type': 'none'}",,,,https://twitter.com/rigotordoc/status/1103350836321759232,[],[],rigotordoc,16369
,,2019-03-06 17:04:19,"[0, 203]","{'hashtags': [], 'symbols': [], 'user_mentions': [], 'urls': [{'url': 'https://t.co/MrMKZmVFW1', 'expanded_url': 'https://www.fda.gov/MedicalDevices/Safety/AlertsandNotices/ucm632783.htm', 'display_url': 'fda.gov/MedicalDevices‚Ä¶', 'indices': [180, 203]}]}",,0,False,UPDATE -- Zoll LifeVest 4000 Wearable Cardioverter Defibrillator - Software Update for Potential Lack of Treatment (Shock) Delivery Due to Device Failure: FDA Safety Communication https://t.co/MrMKZmVFW1,,1103340543034109952,1103340543034109952,,,,,,False,en,,False,0,False,"<a href=""http://twitter.com"" rel=""nofollow"">Twitter Web Client</a>",False,"{'id': 2893916400, 'id_str': '2893916400', 'name': 'TortMediaGroup', 'screen_name': 'TortMediaGroup', 'location': 'La Jolla, San Diego', 'description': 'We are a marketing firm located in La Jolla, California helping law firms get connected with new clients.', 'url': 'http://t.co/GuGAlwrO4T', 'entities': {'url': {'urls': [{'url': 'http://t.co/GuGAlwrO4T', 'expanded_url': 'http://www.tortmediagroup.com', 'display_url': 'tortmediagroup.com', 'indices': [0, 22]}]}, 'description': {'urls': []}}, 'protected': False, 'followers_count': 500, 'friends_count': 1819, 'listed_count': 4, 'created_at': 'Sat Nov 08 16:41:09 +0000 2014', 'favourites_count': 14, 'utc_offset': None, 'time_zone': None, 'geo_enabled': False, 'verified': False, 'statuses_count': 695, 'lang': None, 'contributors_enabled': False, 'is_translator': False, 'is_translation_enabled': False, 'profile_background_color': '000000', 'profile_background_image_url': 'http://abs.twimg.com/images/themes/theme1/bg.png', 'profile_background_image_url_https': 'https://abs.twimg.com/images/themes/theme1/bg.png', 'profile_background_tile': False, 'profile_image_url': 'http://pbs.twimg.com/profile_images/668866455765585920/Ij0EOAWv_normal.png', 'profile_image_url_https': 'https://pbs.twimg.com/profile_images/668866455765585920/Ij0EOAWv_normal.png', 'profile_banner_url': 'https://pbs.twimg.com/profile_banners/2893916400/1462396524', 'profile_link_color': '91D2FA', 'profile_sidebar_border_color': '000000', 'profile_sidebar_fill_color': '000000', 'profile_text_color': '000000', 'profile_use_background_image': False, 'has_extended_profile': False, 'default_profile': False, 'default_profile_image': False, 'following': False, 'follow_request_sent': False, 'notifications': False, 'translator_type': 'none'}",,,,https://twitter.com/TortMediaGroup/status/1103340543034109952,[],[],TortMediaGroup,500
,,2019-03-06 16:24:17,"[0, 260]","{'hashtags': [{'text': 'MedicalDevice', 'indices': [241, 255]}, {'text': 'FDA', 'indices': [256, 260]}], 'symbols': [], 'user_mentions': [{'screen_name': 'US_FDA', 'name': 'U.S. FDA', 'id': 208120290, 'id_str': '208120290', 'indices': [6, 13]}], 'urls': [{'url': 'https://t.co/7vDUvEk0f0', 'expanded_url': 'https://go.usa.gov/xEfkG', 'display_url': 'go.usa.gov/xEfkG', 'indices': [217, 240]}], 'media': [{'id': 1103329602322223104, 'id_str': '1103329602322223104', 'indices': [261, 284], 'media_url': 'http://pbs.twimg.com/tweet_video_thumb/D0_QbXiW0AABeq4.jpg', 'media_url_https': 'https://pbs.twimg.com/tweet_video_thumb/D0_QbXiW0AABeq4.jpg', 'url': 'https://t.co/EjkmRE4GRy', 'display_url': 'pic.twitter.com/EjkmRE4GRy', 'expanded_url': 'https://twitter.com/FDAcdrhIndustry/status/1103330468060119040/photo/1', 'type': 'photo', 'sizes': {'thumb': {'w': 150, 'h': 150, 'resize': 'crop'}, 'medium': {'w': 960, 'h': 720, 'resize': 'fit'}, 'large': {'w': 960, 'h': 720, 'resize': 'fit'}, 'small': {'w': 680, 'h': 510, 'resize': 'fit'}}}]}","{'media': [{'id': 1103329602322223104, 'id_str': '1103329602322223104', 'indices': [261, 284], 'media_url': 'http://pbs.twimg.com/tweet_video_thumb/D0_QbXiW0AABeq4.jpg', 'media_url_https': 'https://pbs.twimg.com/tweet_video_thumb/D0_QbXiW0AABeq4.jpg', 'url': 'https://t.co/EjkmRE4GRy', 'display_url': 'pic.twitter.com/EjkmRE4GRy', 'expanded_url': 'https://twitter.com/FDAcdrhIndustry/status/1103330468060119040/photo/1', 'type': 'animated_gif', 'sizes': {'thumb': {'w': 150, 'h': 150, 'resize': 'crop'}, 'medium': {'w': 960, 'h': 720, 'resize': 'fit'}, 'large': {'w': 960, 'h': 720, 'resize': 'fit'}, 'small': {'w': 680, 'h': 510, 'resize': 'fit'}}, 'video_info': {'aspect_ratio': [4, 3], 'variants': [{'bitrate': 0, 'content_type': 'video/mp4', 'url': 'https://video.twimg.com/tweet_video/D0_QbXiW0AABeq4.mp4'}]}}]}",0,False,Today @US_FDA made an update to a Safety Communication on the Zoll LifeVest 4000 Wearable Cardioverter Defibrillator: Software Update for Potential Lack of Treatment (Shock) Delivery Due to Device Failure. Read more: https://t.co/7vDUvEk0f0 #MedicalDevice #FDA https://t.co/EjkmRE4GRy,,1103330468060119040,1103330468060119040,,,,,,False,en,,False,0,False,"<a href=""http://twitter.com"" rel=""nofollow"">Twitter Web Client</a>",False,"{'id': 66367559, 'id_str': '66367559', 'name': 'FDA/CDRH Industry', 'screen_name': 'FDAcdrhIndustry', 'location': 'Silver Spring, MD', 'description': 'This is the archived account of @FDACDRHIndustry. Follow us at @FDADeviceInfo for the latest on medical device & radiation-emitting products info from the FDA.', 'url': 'http://t.co/IlOtR68BnU', 'entities': {'url': {'urls': [{'url': 'http://t.co/IlOtR68BnU', 'expanded_url': 'http://www.fda.gov/MedicalDevices/NewsEvents/ucm177150.htm', 'display_url': 'fda.gov/MedicalDevices‚Ä¶', 'indices': [0, 22]}]}, 'description': {'urls': []}}, 'protected': False, 'followers_count': 41585, 'friends_count': 200, 'listed_count': 818, 'created_at': 'Mon Aug 17 14:35:56 +0000 2009', 'favourites_count': 151, 'utc_offset': None, 'time_zone': None, 'geo_enabled': False, 'verified': True, 'statuses_count': 3458, 'lang': None, 'contributors_enabled': False, 'is_translator': False, 'is_translation_enabled': False, 'profile_background_color': '4660A6', 'profile_background_image_url': 'http://abs.twimg.com/images/themes/theme1/bg.png', 'profile_background_image_url_https': 'https://abs.twimg.com/images/themes/theme1/bg.png', 'profile_background_tile': False, 'profile_image_url': 'http://pbs.twimg.com/profile_images/773215176866824192/Pg2FG-Fs_normal.jpg', 'profile_image_url_https': 'https://pbs.twimg.com/profile_images/773215176866824192/Pg2FG-Fs_normal.jpg', 'profile_banner_url': 'https://pbs.twimg.com/profile_banners/66367559/1556035592', 'profile_link_color': '0000FF', 'profile_sidebar_border_color': 'FFFFFF', 'profile_sidebar_fill_color': 'C9D2EE', 'profile_text_color': '333333', 'profile_use_background_image': False, 'has_extended_profile': False, 'default_profile': False, 'default_profile_image': False, 'following': False, 'follow_request_sent': False, 'notifications': False, 'translator_type': 'none'}",,,,https://twitter.com/FDAcdrhIndustry/status/1103330468060119040,['US_FDA'],"['FDA', 'MedicalDevice']",FDAcdrhIndustry,41585
,,2019-03-06 16:18:59,"[0, 260]","{'hashtags': [{'text': 'MedicalDevice', 'indices': [241, 255]}, {'text': 'FDA', 'indices': [256, 260]}], 'symbols': [], 'user_mentions': [{'screen_name': 'US_FDA', 'name': 'U.S. FDA', 'id': 208120290, 'id_str': '208120290', 'indices': [6, 13]}], 'urls': [{'url': 'https://t.co/TZKjiZZyK6', 'expanded_url': 'https://go.usa.gov/xEfkX', 'display_url': 'go.usa.gov/xEfkX', 'indices': [217, 240]}], 'media': [{'id': 1103327974202449920, 'id_str': '1103327974202449920', 'indices': [261, 284], 'media_url': 'http://pbs.twimg.com/tweet_video_thumb/D0_O8mUWoAAbY7q.jpg', 'media_url_https': 'https://pbs.twimg.com/tweet_video_thumb/D0_O8mUWoAAbY7q.jpg', 'url': 'https://t.co/WZZjTq0BMX', 'display_url': 'pic.twitter.com/WZZjTq0BMX', 'expanded_url': 'https://twitter.com/FDADeviceInfo/status/1103329133931700227/photo/1', 'type': 'photo', 'sizes': {'thumb': {'w': 150, 'h': 150, 'resize': 'crop'}, 'medium': {'w': 960, 'h': 720, 'resize': 'fit'}, 'large': {'w': 960, 'h': 720, 'resize': 'fit'}, 'small': {'w': 680, 'h': 510, 'resize': 'fit'}}}]}","{'media': [{'id': 1103327974202449920, 'id_str': '1103327974202449920', 'indices': [261, 284], 'media_url': 'http://pbs.twimg.com/tweet_video_thumb/D0_O8mUWoAAbY7q.jpg', 'media_url_https': 'https://pbs.twimg.com/tweet_video_thumb/D0_O8mUWoAAbY7q.jpg', 'url': 'https://t.co/WZZjTq0BMX', 'display_url': 'pic.twitter.com/WZZjTq0BMX', 'expanded_url': 'https://twitter.com/FDADeviceInfo/status/1103329133931700227/photo/1', 'type': 'animated_gif', 'sizes': {'thumb': {'w': 150, 'h': 150, 'resize': 'crop'}, 'medium': {'w': 960, 'h': 720, 'resize': 'fit'}, 'large': {'w': 960, 'h': 720, 'resize': 'fit'}, 'small': {'w': 680, 'h': 510, 'resize': 'fit'}}, 'video_info': {'aspect_ratio': [4, 3], 'variants': [{'bitrate': 0, 'content_type': 'video/mp4', 'url': 'https://video.twimg.com/tweet_video/D0_O8mUWoAAbY7q.mp4'}]}}]}",1,False,Today @US_FDA made an update to a Safety Communication on the Zoll LifeVest 4000 Wearable Cardioverter Defibrillator: Software Update for Potential Lack of Treatment (Shock) Delivery Due to Device Failure. Read more: https://t.co/TZKjiZZyK6 #MedicalDevice #FDA https://t.co/WZZjTq0BMX,,1103329133931700227,1103329133931700227,,,,,,False,en,,False,3,False,"<a href=""http://twitter.com"" rel=""nofollow"">Twitter Web Client</a>",False,"{'id': 140427956, 'id_str': '140427956', 'name': 'FDA Medical Devices', 'screen_name': 'FDADeviceInfo', 'location': 'Silver Spring, Maryland, USA', 'description': 'Official FDA - device recalls, safety, approvals, radiation-emitting products. Contact us DICE@fda.hhs.gov or 800-638-2041  http://t.co/DUce95Lw40', 'url': 'http://www.fda.gov/MedicalDevices', 'entities': {'url': {'urls': [{'url': 'http://www.fda.gov/MedicalDevices', 'expanded_url': None, 'indices': [0, 33]}]}, 'description': {'urls': [{'url': 'http://t.co/DUce95Lw40', 'expanded_url': 'http://www.fda.gov/privacy', 'display_url': 'fda.gov/privacy', 'indices': [124, 146]}]}}, 'protected': False, 'followers_count': 84108, 'friends_count': 439, 'listed_count': 1404, 'created_at': 'Wed May 05 13:22:53 +0000 2010', 'favourites_count': 213, 'utc_offset': None, 'time_zone': None, 'geo_enabled': False, 'verified': True, 'statuses_count': 4597, 'lang': None, 'contributors_enabled': False, 'is_translator': False, 'is_translation_enabled': False, 'profile_background_color': '4660A6', 'profile_background_image_url': 'http://abs.twimg.com/images/themes/theme1/bg.png', 'profile_background_image_url_https': 'https://abs.twimg.com/images/themes/theme1/bg.png', 'profile_background_tile': False, 'profile_image_url': 'http://pbs.twimg.com/profile_images/773215388029124608/Ri_w_2af_normal.jpg', 'profile_image_url_https': 'https://pbs.twimg.com/profile_images/773215388029124608/Ri_w_2af_normal.jpg', 'profile_banner_url': 'https://pbs.twimg.com/profile_banners/140427956/1555089202', 'profile_link_color': '0084B4', 'profile_sidebar_border_color': 'C0DEED', 'profile_sidebar_fill_color': 'DDEEF6', 'profile_text_color': '333333', 'profile_use_background_image': False, 'has_extended_profile': False, 'default_profile': False, 'default_profile_image': False, 'following': False, 'follow_request_sent': False, 'notifications': False, 'translator_type': 'none'}","[{'id': 1265009262, 'id_str': '1265009262', 'name': 'Q8 BME', 'screen_name': 'Q8BME', 'location': 'Kuwait', 'description': 'Kuwait Association for Biomedical Engineers (KABME) & IEEE Engineering in Medicine & Biology Society KUWAIT Chapter (EMBS KUWAIT Chapter) Official Account', 'url': 'http://t.co/Gb7ZbPFExN', 'entities': {'url': {'urls': [{'url': 'http://t.co/Gb7ZbPFExN', 'expanded_url': 'http://blog.kabme.org/', 'display_url': 'blog.kabme.org', 'indices': [0, 22]}]}, 'description': {'urls': []}}, 'protected': False, 'followers_count': 753, 'friends_count': 194, 'listed_count': 21, 'created_at': 'Wed Mar 13 17:39:19 +0000 2013', 'favourites_count': 82, 'utc_offset': None, 'time_zone': None, 'geo_enabled': False, 'verified': False, 'statuses_count': 2795, 'lang': None, 'status': {'created_at': 'Mon May 20 18:32:27 +0000 2019', 'id': 1130541813071110144, 'id_str': '1130541813071110144', 'text': 'RT @ECRI_Institute: More concerning news about safety risks w/ #medical devices. @By_CJewett @KHNews https://t.co/SAJDbCs6Dj', 'truncated': False, 'entities': {'hashtags': [{'text': 'medical', 'indices': [63, 71]}], 'symbols': [], 'user_mentions': [{'screen_name': 'ECRI_Institute', 'name': 'ECRI Institute', 'id': 41101985, 'id_str': '41101985', 'indices': [3, 18]}, {'screen_name': 'By_CJewett', 'name': 'Christina Jewett', 'id': 72954989, 'id_str': '72954989', 'indices': [81, 92]}, {'screen_name': 'KHNews', 'name': 'Kaiser Health News', 'id': 23999515, 'id_str': '23999515', 'indices': [93, 100]}], 'urls': [{'url': 'https://t.co/SAJDbCs6Dj', 'expanded_url': 'https://twitter.com/KHNews/status/1130520275320221698', 'display_url': 'twitter.com/KHNews/status/‚Ä¶', 'indices': [101, 124]}]}, 'source': '<a href=""http://twitter.com/download/android"" rel=""nofollow"">Twitter for Android</a>', 'in_reply_to_status_id': None, 'in_reply_to_status_id_str': None, 'in_reply_to_user_id': None, 'in_reply_to_user_id_str': None, 'in_reply_to_screen_name': None, 'geo': None, 'coordinates': None, 'place': None, 'contributors': None, 'retweeted_status': {'created_at': 'Mon May 20 18:27:02 +0000 2019', 'id': 1130540452221018118, 'id_str': '1130540452221018118', 'text': 'More concerning news about safety risks w/ #medical devices. @By_CJewett @KHNews https://t.co/SAJDbCs6Dj', 'truncated': False, 'entities': {'hashtags': [{'text': 'medical', 'indices': [43, 51]}], 'symbols': [], 'user_mentions': [{'screen_name': 'By_CJewett', 'name': 'Christina Jewett', 'id': 72954989, 'id_str': '72954989', 'indices': [61, 72]}, {'screen_name': 'KHNews', 'name': 'Kaiser Health News', 'id': 23999515, 'id_str': '23999515', 'indices': [73, 80]}], 'urls': [{'url': 'https://t.co/SAJDbCs6Dj', 'expanded_url': 'https://twitter.com/KHNews/status/1130520275320221698', 'display_url': 'twitter.com/KHNews/status/‚Ä¶', 'indices': [81, 104]}]}, 'source': '<a href=""http://twitter.com"" rel=""nofollow"">Twitter Web Client</a>', 'in_reply_to_status_id': None, 'in_reply_to_status_id_str': None, 'in_reply_to_user_id': None, 'in_reply_to_user_id_str': None, 'in_reply_to_screen_name': None, 'geo': None, 'coordinates': None, 'place': None, 'contributors': None, 'is_quote_status': True, 'quoted_status_id': 1130520275320221698, 'quoted_status_id_str': '1130520275320221698', 'retweet_count': 3, 'favorite_count': 3, 'favorited': False, 'retweeted': False, 'possibly_sensitive': False, 'lang': 'en'}, 'is_quote_status': True, 'quoted_status_id': 1130520275320221698, 'quoted_status_id_str': '1130520275320221698', 'retweet_count': 3, 'favorite_count': 0, 'favorited': False, 'retweeted': False, 'possibly_sensitive': False, 'lang': 'en'}, 'contributors_enabled': False, 'is_translator': False, 'is_translation_enabled': False, 'profile_background_color': '000000', 'profile_background_image_url': 'http://abs.twimg.com/images/themes/theme1/bg.png', 'profile_background_image_url_https': 'https://abs.twimg.com/images/themes/theme1/bg.png', 'profile_background_tile': False, 'profile_image_url': 'http://pbs.twimg.com/profile_images/3375591611/34f05b8469e0f387570ceba40d05decd_normal.jpeg', 'profile_image_url_https': 'https://pbs.twimg.com/profile_images/3375591611/34f05b8469e0f387570ceba40d05decd_normal.jpeg', 'profile_link_color': '1B95E0', 'profile_sidebar_border_color': '000000', 'profile_sidebar_fill_color': '000000', 'profile_text_color': '000000', 'profile_use_background_image': False, 'has_extended_profile': False, 'default_profile': False, 'default_profile_image': False, 'following': False, 'follow_request_sent': False, 'notifications': False, 'translator_type': 'regular'}, {'id': 36904188, 'id_str': '36904188', 'name': 'ÿ≠ÿ≥ŸäŸÜ ÿßŸÑÿµÿßŸäÿ∫', 'screen_name': 'hussain_ali78', 'location': 'Kuwait', 'description': '(ÿ£ÿ¨Ÿáÿ≤ÿ©-ŸÜÿ∏ŸÖ-ŸÖÿπŸÑŸàŸÖÿßÿ™Ÿäÿ©-ŸÖÿ¥ÿßÿ±Ÿäÿπ) ÿ∑ÿ®Ÿäÿ©. ÿ¥ÿ∫ŸÅŸä: ÿ≥ŸÑÿßŸÖÿ© ÿßŸÑŸÖÿ±ÿ∂Ÿâ. ÿπÿ∂Ÿà ÿ±ÿßÿ®ÿ∑ÿ© ÿßŸÑŸÖŸáŸÜÿØÿ≥ŸäŸÜ ÿßŸÑÿ∑ÿ®ŸäŸäŸÜ ÿßŸÑŸÉŸàŸäÿ™Ÿäÿ© @Q8BME...ÿßŸÉÿ™ÿ® ŸÅŸä @Q8PACS Ÿà @SafeHealthTech', 'url': None, 'entities': {'description': {'urls': []}}, 'protected': False, 'followers_count': 715, 'friends_count': 570, 'listed_count': 8, 'created_at': 'Fri May 01 07:28:50 +0000 2009', 'favourites_count': 4245, 'utc_offset': None, 'time_zone': None, 'geo_enabled': True, 'verified': False, 'statuses_count': 16586, 'lang': None, 'status': {'created_at': 'Wed Jun 05 15:11:57 +0000 2019', 'id': 1136289561171169283, 'id_str': '1136289561171169283', 'text': 'ÿßÿ¨ÿ≤ÿßÿ° ÿßŸÑÿ¨Ÿáÿßÿ≤ ÿßŸÑÿ∑ÿ®Ÿä ŸáŸä ÿ®ÿ≠ÿØ ÿ∞ÿßÿ™Ÿáÿß ÿ£ÿ¨Ÿáÿ≤ÿ© ÿ∑ÿ®Ÿäÿ© ÿ™ÿ≠ÿ™ÿßÿ¨ ÿßŸÑŸâ ÿ™ÿ±ÿÆŸäÿµ ŸÑÿ™ŸÉŸàŸÜ ÿ¢ŸÖŸÜÿ©\n#IVDR #ÿ£ÿ¨Ÿáÿ≤ÿ©_ÿ∑ÿ®Ÿäÿ©_ÿ¢ŸÖŸÜÿ©', 'truncated': False, 'entities': {'hashtags': [{'text': 'IVDR', 'indices': [70, 75]}, {'text': 'ÿ£ÿ¨Ÿáÿ≤ÿ©_ÿ∑ÿ®Ÿäÿ©_ÿ¢ŸÖŸÜÿ©', 'indices': [76, 92]}], 'symbols': [], 'user_mentions': [], 'urls': []}, 'source': '<a href=""http://twitter.com/download/iphone"" rel=""nofollow"">Twitter for iPhone</a>', 'in_reply_to_status_id': None, 'in_reply_to_status_id_str': None, 'in_reply_to_user_id': None, 'in_reply_to_user_id_str': None, 'in_reply_to_screen_name': None, 'geo': None, 'coordinates': None, 'place': None, 'contributors': None, 'is_quote_status': False, 'retweet_count': 0, 'favorite_count': 0, 'favorited': False, 'retweeted': False, 'lang': 'ar'}, 'contributors_enabled': False, 'is_translator': False, 'is_translation_enabled': False, 'profile_background_color': 'C0DEED', 'profile_background_image_url': 'http://abs.twimg.com/images/themes/theme1/bg.png', 'profile_background_image_url_https': 'https://abs.twimg.com/images/themes/theme1/bg.png', 'profile_background_tile': False, 'profile_image_url': 'http://pbs.twimg.com/profile_images/1111912085414391808/7xcj2dMj_normal.jpg', 'profile_image_url_https': 'https://pbs.twimg.com/profile_images/1111912085414391808/7xcj2dMj_normal.jpg', 'profile_banner_url': 'https://pbs.twimg.com/profile_banners/36904188/1541772597', 'profile_link_color': '1DA1F2', 'profile_sidebar_border_color': 'C0DEED', 'profile_sidebar_fill_color': 'DDEEF6', 'profile_text_color': '333333', 'profile_use_background_image': True, 'has_extended_profile': False, 'default_profile': True, 'default_profile_image': False, 'following': False, 'follow_request_sent': False, 'notifications': False, 'translator_type': 'none'}, {'id': 724481974451081218, 'id_str': '724481974451081218', 'name': 'üòù 24/7 Tech Life ‚úåÔ∏è', 'screen_name': 'tekimg', 'location': 'United States', 'description': 'üëç #USA #AmericanDream #Business #Innovation #AmazonAffiliate üòä Tweets may feature affiliate links ü§ñ', 'url': None, 'entities': {'description': {'urls': []}}, 'protected': False, 'followers_count': 1455, 'friends_count': 1127, 'listed_count': 15, 'created_at': 'Mon Apr 25 06:15:37 +0000 2016', 'favourites_count': 10, 'utc_offset': None, 'time_zone': None, 'geo_enabled': False, 'verified': False, 'statuses_count': 38335, 'lang': None, 'status': {'created_at': 'Wed Jun 05 15:17:13 +0000 2019', 'id': 1136290889121325058, 'id_str': '1136290889121325058', 'text': 'RT @JudyReiser: ‚ÄúIf cellphones could #talk, what #tales they‚Äôd tell! #Author is giving them a #voice with her #book."" ""In a Cell Phone Minu‚Ä¶', 'truncated': False, 'entities': {'hashtags': [{'text': 'talk', 'indices': [37, 42]}, {'text': 'tales', 'indices': [49, 55]}, {'text': 'Author', 'indices': [69, 76]}, {'text': 'voice', 'indices': [94, 100]}, {'text': 'book', 'indices': [110, 115]}], 'symbols': [], 'user_mentions': [{'screen_name': 'JudyReiser', 'name': 'Judy Reiser', 'id': 276015532, 'id_str': '276015532', 'indices': [3, 14]}], 'urls': []}, 'source': '<a href=""https://ctrlq.org"" rel=""nofollow"">Capitalurl Tweet Finder</a>', 'in_reply_to_status_id': None, 'in_reply_to_status_id_str': None, 'in_reply_to_user_id': None, 'in_reply_to_user_id_str': None, 'in_reply_to_screen_name': None, 'geo': None, 'coordinates': None, 'place': None, 'contributors': None, 'retweeted_status': {'created_at': 'Wed Jun 05 14:17:00 +0000 2019', 'id': 1136275732659748866, 'id_str': '1136275732659748866', 'text': '‚ÄúIf cellphones could #talk, what #tales they‚Äôd tell! #Author is giving them a #voice with her #book."" ""In a Cell Ph‚Ä¶ https://t.co/i6nrBNT5of', 'truncated': True, 'entities': {'hashtags': [{'text': 'talk', 'indices': [21, 26]}, {'text': 'tales', 'indices': [33, 39]}, {'text': 'Author', 'indices': [53, 60]}, {'text': 'voice', 'indices': [78, 84]}, {'text': 'book', 'indices': [94, 99]}], 'symbols': [], 'user_mentions': [], 'urls': [{'url': 'https://t.co/i6nrBNT5of', 'expanded_url': 'https://twitter.com/i/web/status/1136275732659748866', 'display_url': 'twitter.com/i/web/status/1‚Ä¶', 'indices': [117, 140]}]}, 'source': '<a href=""https://about.twitter.com/products/tweetdeck"" rel=""nofollow"">TweetDeck</a>', 'in_reply_to_status_id': None, 'in_reply_to_status_id_str': None, 'in_reply_to_user_id': None, 'in_reply_to_user_id_str': None, 'in_reply_to_screen_name': None, 'geo': None, 'coordinates': None, 'place': None, 'contributors': None, 'is_quote_status': False, 'retweet_count': 1, 'favorite_count': 0, 'favorited': False, 'retweeted': False, 'possibly_sensitive': False, 'lang': 'en'}, 'is_quote_status': False, 'retweet_count': 1, 'favorite_count': 0, 'favorited': False, 'retweeted': False, 'lang': 'en'}, 'contributors_enabled': False, 'is_translator': False, 'is_translation_enabled': False, 'profile_background_color': '000000', 'profile_background_image_url': 'http://abs.twimg.com/images/themes/theme1/bg.png', 'profile_background_image_url_https': 'https://abs.twimg.com/images/themes/theme1/bg.png', 'profile_background_tile': False, 'profile_image_url': 'http://pbs.twimg.com/profile_images/1118282163961520128/GuoEFs-O_normal.png', 'profile_image_url_https': 'https://pbs.twimg.com/profile_images/1118282163961520128/GuoEFs-O_normal.png', 'profile_banner_url': 'https://pbs.twimg.com/profile_banners/724481974451081218/1555389497', 'profile_link_color': '880066', 'profile_sidebar_border_color': '000000', 'profile_sidebar_fill_color': '000000', 'profile_text_color': '000000', 'profile_use_background_image': False, 'has_extended_profile': True, 'default_profile': False, 'default_profile_image': False, 'following': False, 'follow_request_sent': False, 'notifications': False, 'translator_type': 'none'}]","[753, 715, 1455]","['Q8BME', 'hussain_ali78', 'tekimg']",https://twitter.com/FDADeviceInfo/status/1103329133931700227,['US_FDA'],"['FDA', 'MedicalDevice']",FDADeviceInfo,84108
,,2018-07-26 12:25:59,"[0, 181]","{'hashtags': [], 'symbols': [], 'user_mentions': [], 'urls': [{'url': 'https://t.co/sdSPImLmsH', 'expanded_url': 'https://www.fda.gov/MedicalDevices/Safety/AlertsandNotices/ucm614559.htm', 'display_url': 'fda.gov/MedicalDevices‚Ä¶', 'indices': [158, 181]}]}",,0,False,UPDATE: Zoll LifeVest 4000 Wearable Cardioverter Defibrillator - Potential Lack of Treatment (Shock) Delivery Due to Device Failure: FDA Safety Communication https://t.co/sdSPImLmsH,,1022458005797920769,1022458005797920769,,,,,,False,en,,False,0,False,"<a href=""http://www.facebook.com/twitter"" rel=""nofollow"">Facebook</a>",False,"{'id': 3108900772, 'id_str': '3108900772', 'name': 'ComplyFDA', 'screen_name': 'ComplyFda', 'location': '', 'description': '', 'url': 'https://t.co/Eb6q6NlQBU', 'entities': {'url': {'urls': [{'url': 'https://t.co/Eb6q6NlQBU', 'expanded_url': 'https://www.complyfda.com', 'display_url': 'complyfda.com', 'indices': [0, 23]}]}, 'description': {'urls': []}}, 'protected': False, 'followers_count': 189, 'friends_count': 971, 'listed_count': 4, 'created_at': 'Mon Mar 23 22:57:19 +0000 2015', 'favourites_count': 110, 'utc_offset': None, 'time_zone': None, 'geo_enabled': False, 'verified': False, 'statuses_count': 623, 'lang': None, 'contributors_enabled': False, 'is_translator': False, 'is_translation_enabled': False, 'profile_background_color': '000000', 'profile_background_image_url': 'http://abs.twimg.com/images/themes/theme1/bg.png', 'profile_background_image_url_https': 'https://abs.twimg.com/images/themes/theme1/bg.png', 'profile_background_tile': False, 'profile_image_url': 'http://pbs.twimg.com/profile_images/743436899596013569/XLFRat-h_normal.jpg', 'profile_image_url_https': 'https://pbs.twimg.com/profile_images/743436899596013569/XLFRat-h_normal.jpg', 'profile_banner_url': 'https://pbs.twimg.com/profile_banners/3108900772/1452029265', 'profile_link_color': '102040', 'profile_sidebar_border_color': '000000', 'profile_sidebar_fill_color': '000000', 'profile_text_color': '000000', 'profile_use_background_image': True, 'has_extended_profile': False, 'default_profile': False, 'default_profile_image': False, 'following': False, 'follow_request_sent': False, 'notifications': False, 'translator_type': 'none'}",,,,https://twitter.com/ComplyFda/status/1022458005797920769,[],[],ComplyFda,189
,,2018-07-25 20:11:27,"[0, 181]","{'hashtags': [], 'symbols': [], 'user_mentions': [], 'urls': [{'url': 'https://t.co/zHP5mfzoFS', 'expanded_url': 'https://www.fda.gov/MedicalDevices/Safety/AlertsandNotices/ucm614559.htm', 'display_url': 'fda.gov/MedicalDevices‚Ä¶', 'indices': [158, 181]}]}",,0,False,UPDATE: Zoll LifeVest 4000 Wearable Cardioverter Defibrillator - Potential Lack of Treatment (Shock) Delivery Due to Device Failure: FDA Safety Communication https://t.co/zHP5mfzoFS,,1022212755833741313,1022212755833741313,,,,,,False,en,,False,0,False,"<a href=""http://twitter.com"" rel=""nofollow"">Twitter Web Client</a>",False,"{'id': 562653423, 'id_str': '562653423', 'name': 'Judy Rinker', 'screen_name': 'jrinker2', 'location': '', 'description': '', 'url': None, 'entities': {'description': {'urls': []}}, 'protected': False, 'followers_count': 108, 'friends_count': 902, 'listed_count': 1, 'created_at': 'Wed Apr 25 03:52:47 +0000 2012', 'favourites_count': 4081, 'utc_offset': None, 'time_zone': None, 'geo_enabled': False, 'verified': False, 'statuses_count': 5242, 'lang': None, 'contributors_enabled': False, 'is_translator': False, 'is_translation_enabled': False, 'profile_background_color': 'C0DEED', 'profile_background_image_url': 'http://abs.twimg.com/images/themes/theme1/bg.png', 'profile_background_image_url_https': 'https://abs.twimg.com/images/themes/theme1/bg.png', 'profile_background_tile': False, 'profile_image_url': 'http://abs.twimg.com/sticky/default_profile_images/default_profile_normal.png', 'profile_image_url_https': 'https://abs.twimg.com/sticky/default_profile_images/default_profile_normal.png', 'profile_link_color': '1DA1F2', 'profile_sidebar_border_color': 'C0DEED', 'profile_sidebar_fill_color': 'DDEEF6', 'profile_text_color': '333333', 'profile_use_background_image': True, 'has_extended_profile': False, 'default_profile': True, 'default_profile_image': True, 'following': False, 'follow_request_sent': False, 'notifications': False, 'translator_type': 'none'}",,,,https://twitter.com/jrinker2/status/1022212755833741313,[],[],jrinker2,108
,,2018-07-25 18:43:02,"[0, 190]","{'hashtags': [], 'symbols': [], 'user_mentions': [], 'urls': [{'url': 'https://t.co/M3KlrGrrJ0', 'expanded_url': 'http://s2027422842.t.en25.com/e/es?s=2027422842&e=115639&elqTrackId=B1F0B909CCF90C71B9C490C37BFE6647&elq=ddd01711274b43ab975db130b2b09d50&elqaid=4391&elqat=1', 'display_url': 's2027422842.t.en25.com/e/es?s=2027422‚Ä¶', 'indices': [167, 190]}]}",,1,False,FDA MedWatch - : Zoll LifeVest 4000 Wearable Cardioverter Defibrillator - Potential Lack of Treatment (Shock) Delivery Due to Device Failure: FDA Safety Communication https://t.co/M3KlrGrrJ0,,1022190507177459712,1022190507177459712,,,,,,False,en,,False,1,False,"<a href=""http://twitter.com"" rel=""nofollow"">Twitter Web Client</a>",False,"{'id': 15161367, 'id_str': '15161367', 'name': 'Barrie', 'screen_name': 'BarrieNJ', 'location': 'SE & New England', 'description': 'British ex-pat.üìàüá∫üá∏üá¨üáß', 'url': None, 'entities': {'description': {'urls': []}}, 'protected': False, 'followers_count': 6182, 'friends_count': 3456, 'listed_count': 286, 'created_at': 'Wed Jun 18 19:12:44 +0000 2008', 'favourites_count': 16062, 'utc_offset': None, 'time_zone': None, 'geo_enabled': False, 'verified': False, 'statuses_count': 227763, 'lang': None, 'contributors_enabled': False, 'is_translator': False, 'is_translation_enabled': False, 'profile_background_color': '642D8B', 'profile_background_image_url': 'http://abs.twimg.com/images/themes/theme1/bg.png', 'profile_background_image_url_https': 'https://abs.twimg.com/images/themes/theme1/bg.png', 'profile_background_tile': True, 'profile_image_url': 'http://pbs.twimg.com/profile_images/2818762557/106bdd1d5679ec30e2fd7d8bfedee445_normal.jpeg', 'profile_image_url_https': 'https://pbs.twimg.com/profile_images/2818762557/106bdd1d5679ec30e2fd7d8bfedee445_normal.jpeg', 'profile_banner_url': 'https://pbs.twimg.com/profile_banners/15161367/1555927828', 'profile_link_color': '1D078A', 'profile_sidebar_border_color': '000000', 'profile_sidebar_fill_color': '7AC3EE', 'profile_text_color': '3D1957', 'profile_use_background_image': True, 'has_extended_profile': False, 'default_profile': False, 'default_profile_image': False, 'following': False, 'follow_request_sent': False, 'notifications': False, 'translator_type': 'none'}","[{'id': 2775347000, 'id_str': '2775347000', 'name': 'dylz', 'screen_name': 'colourspeak', 'location': 'Melbourne, Online', 'description': ""80% of the information about the world comes in through the eyes. We're bumping it up to 90% - Colour Speaks"", 'url': 'http://t.co/0nKj8IZJiN', 'entities': {'url': {'urls': [{'url': 'http://t.co/0nKj8IZJiN', 'expanded_url': 'http://dylz.com', 'display_url': 'dylz.com', 'indices': [0, 22]}]}, 'description': {'urls': []}}, 'protected': False, 'followers_count': 1090, 'friends_count': 138, 'listed_count': 996, 'created_at': 'Thu Aug 28 00:55:09 +0000 2014', 'favourites_count': 59059, 'utc_offset': None, 'time_zone': None, 'geo_enabled': True, 'verified': False, 'statuses_count': 59093, 'lang': None, 'status': {'created_at': 'Wed Jun 05 15:44:20 +0000 2019', 'id': 1136297712356171777, 'id_str': '1136297712356171777', 'text': 'RT @kickstarter: .@kadakcollective‚Äôs collection of comic and graphic narratives will explore geography and gender, identity and self, and b‚Ä¶', 'truncated': False, 'entities': {'hashtags': [], 'symbols': [], 'user_mentions': [{'screen_name': 'kickstarter', 'name': 'Kickstarter', 'id': 16186995, 'id_str': '16186995', 'indices': [3, 15]}, {'screen_name': 'kadakcollective', 'name': 'kadakcollective', 'id': 1112911315042004994, 'id_str': '1112911315042004994', 'indices': [18, 34]}], 'urls': []}, 'source': '<a href=""http://twitter.com"" rel=""nofollow"">Twitter Web Client</a>', 'in_reply_to_status_id': None, 'in_reply_to_status_id_str': None, 'in_reply_to_user_id': None, 'in_reply_to_user_id_str': None, 'in_reply_to_screen_name': None, 'geo': None, 'coordinates': None, 'place': None, 'contributors': None, 'retweeted_status': {'created_at': 'Wed Jun 05 15:28:23 +0000 2019', 'id': 1136293698298425344, 'id_str': '1136293698298425344', 'text': '.@kadakcollective‚Äôs collection of comic and graphic narratives will explore geography and gender, identity and self‚Ä¶ https://t.co/3SEkemxGjA', 'truncated': True, 'entities': {'hashtags': [], 'symbols': [], 'user_mentions': [{'screen_name': 'kadakcollective', 'name': 'kadakcollective', 'id': 1112911315042004994, 'id_str': '1112911315042004994', 'indices': [1, 17]}], 'urls': [{'url': 'https://t.co/3SEkemxGjA', 'expanded_url': 'https://twitter.com/i/web/status/1136293698298425344', 'display_url': 'twitter.com/i/web/status/1‚Ä¶', 'indices': [117, 140]}]}, 'source': '<a href=""https://mobile.twitter.com"" rel=""nofollow"">Twitter Web App</a>', 'in_reply_to_status_id': 1136287856350117890, 'in_reply_to_status_id_str': '1136287856350117890', 'in_reply_to_user_id': 16186995, 'in_reply_to_user_id_str': '16186995', 'in_reply_to_screen_name': 'kickstarter', 'geo': None, 'coordinates': None, 'place': None, 'contributors': None, 'is_quote_status': False, 'retweet_count': 1, 'favorite_count': 2, 'favorited': False, 'retweeted': False, 'possibly_sensitive': False, 'lang': 'en'}, 'is_quote_status': False, 'retweet_count': 1, 'favorite_count': 0, 'favorited': False, 'retweeted': False, 'lang': 'en'}, 'contributors_enabled': False, 'is_translator': False, 'is_translation_enabled': False, 'profile_background_color': '585263', 'profile_background_image_url': 'http://abs.twimg.com/images/themes/theme10/bg.gif', 'profile_background_image_url_https': 'https://abs.twimg.com/images/themes/theme10/bg.gif', 'profile_background_tile': False, 'profile_image_url': 'http://pbs.twimg.com/profile_images/504799846729912320/znKUDrRZ_normal.png', 'profile_image_url_https': 'https://pbs.twimg.com/profile_images/504799846729912320/znKUDrRZ_normal.png', 'profile_link_color': 'A895A3', 'profile_sidebar_border_color': 'BFFFE5', 'profile_sidebar_fill_color': '4AFFC9', 'profile_text_color': '54DEA8', 'profile_use_background_image': False, 'has_extended_profile': False, 'default_profile': False, 'default_profile_image': False, 'following': False, 'follow_request_sent': False, 'notifications': False, 'translator_type': 'none'}]",[1090],['colourspeak'],https://twitter.com/BarrieNJ/status/1022190507177459712,[],[],BarrieNJ,6182
,,2018-07-25 17:43:39,"[0, 181]","{'hashtags': [], 'symbols': [], 'user_mentions': [], 'urls': [{'url': 'https://t.co/sdSPImLmsH', 'expanded_url': 'https://www.fda.gov/MedicalDevices/Safety/AlertsandNotices/ucm614559.htm', 'display_url': 'fda.gov/MedicalDevices‚Ä¶', 'indices': [158, 181]}]}",,0,False,UPDATE: Zoll LifeVest 4000 Wearable Cardioverter Defibrillator - Potential Lack of Treatment (Shock) Delivery Due to Device Failure: FDA Safety Communication https://t.co/sdSPImLmsH,,1022175561261764608,1022175561261764608,,,,,,False,en,,False,0,False,"<a href=""http://www.facebook.com/twitter"" rel=""nofollow"">Facebook</a>",False,"{'id': 3108900772, 'id_str': '3108900772', 'name': 'ComplyFDA', 'screen_name': 'ComplyFda', 'location': '', 'description': '', 'url': 'https://t.co/Eb6q6NlQBU', 'entities': {'url': {'urls': [{'url': 'https://t.co/Eb6q6NlQBU', 'expanded_url': 'https://www.complyfda.com', 'display_url': 'complyfda.com', 'indices': [0, 23]}]}, 'description': {'urls': []}}, 'protected': False, 'followers_count': 189, 'friends_count': 971, 'listed_count': 4, 'created_at': 'Mon Mar 23 22:57:19 +0000 2015', 'favourites_count': 110, 'utc_offset': None, 'time_zone': None, 'geo_enabled': False, 'verified': False, 'statuses_count': 623, 'lang': None, 'contributors_enabled': False, 'is_translator': False, 'is_translation_enabled': False, 'profile_background_color': '000000', 'profile_background_image_url': 'http://abs.twimg.com/images/themes/theme1/bg.png', 'profile_background_image_url_https': 'https://abs.twimg.com/images/themes/theme1/bg.png', 'profile_background_tile': False, 'profile_image_url': 'http://pbs.twimg.com/profile_images/743436899596013569/XLFRat-h_normal.jpg', 'profile_image_url_https': 'https://pbs.twimg.com/profile_images/743436899596013569/XLFRat-h_normal.jpg', 'profile_banner_url': 'https://pbs.twimg.com/profile_banners/3108900772/1452029265', 'profile_link_color': '102040', 'profile_sidebar_border_color': '000000', 'profile_sidebar_fill_color': '000000', 'profile_text_color': '000000', 'profile_use_background_image': True, 'has_extended_profile': False, 'default_profile': False, 'default_profile_image': False, 'following': False, 'follow_request_sent': False, 'notifications': False, 'translator_type': 'none'}",,,,https://twitter.com/ComplyFda/status/1022175561261764608,[],[],ComplyFda,189
,,2018-07-25 17:28:48,"[0, 181]","{'hashtags': [], 'symbols': [], 'user_mentions': [], 'urls': [{'url': 'https://t.co/11slTfmbrz', 'expanded_url': 'https://www.fda.gov/MedicalDevices/Safety/AlertsandNotices/ucm614559.htm', 'display_url': 'fda.gov/MedicalDevices‚Ä¶', 'indices': [158, 181]}]}",,0,False,UPDATE: Zoll LifeVest 4000 Wearable Cardioverter Defibrillator - Potential Lack of Treatment (Shock) Delivery Due to Device Failure: FDA Safety Communication https://t.co/11slTfmbrz,,1022171821947285504,1022171821947285504,,,,,,False,en,,False,0,False,"<a href=""http://twitter.com"" rel=""nofollow"">Twitter Web Client</a>",False,"{'id': 30340726, 'id_str': '30340726', 'name': 'Ron Sims', 'screen_name': 'simsron', 'location': 'Seattle, WA', 'description': ""Board Chair, Washington State's Health Benefit Exchange, Retired, Deputy Secretary, U.S. Department of Housing and Urban Development, Former King County Exec."", 'url': None, 'entities': {'description': {'urls': []}}, 'protected': False, 'followers_count': 6241, 'friends_count': 6865, 'listed_count': 387, 'created_at': 'Fri Apr 10 23:27:36 +0000 2009', 'favourites_count': 20249, 'utc_offset': None, 'time_zone': None, 'geo_enabled': True, 'verified': False, 'statuses_count': 88526, 'lang': None, 'contributors_enabled': False, 'is_translator': False, 'is_translation_enabled': False, 'profile_background_color': 'C0DEED', 'profile_background_image_url': 'http://abs.twimg.com/images/themes/theme1/bg.png', 'profile_background_image_url_https': 'https://abs.twimg.com/images/themes/theme1/bg.png', 'profile_background_tile': False, 'profile_image_url': 'http://pbs.twimg.com/profile_images/132637966/me_normal.jpg', 'profile_image_url_https': 'https://pbs.twimg.com/profile_images/132637966/me_normal.jpg', 'profile_link_color': '1DA1F2', 'profile_sidebar_border_color': 'C0DEED', 'profile_sidebar_fill_color': 'DDEEF6', 'profile_text_color': '333333', 'profile_use_background_image': True, 'has_extended_profile': False, 'default_profile': True, 'default_profile_image': False, 'following': False, 'follow_request_sent': False, 'notifications': False, 'translator_type': 'none'}",,,,https://twitter.com/simsron/status/1022171821947285504,[],[],simsron,6241
